<?xml version="1.0" encoding="UTF-8" standalone="yes"?>
<addon id="plugin.audio.Zora.Radio" name="Zora Radio" version="1.0.1" provider-name="Zwergkaninchen">
  <requires>
    <import addon="xbmc.python" version="2.1.0"/>
  </requires>
  <extension point="xbmc.python.pluginsource" library="addon.py">
    <provides>video</provides>
  </extension>
  <extension point="xbmc.addon.metadata">
    <summary lang="en">Zora Radio Germany.</summary>
    <description lang="en">Zora Radio Germany</description>
    <disclaimer lang="en"></disclaimer>
    <language>en</language>
    <platform>all</platform>
    <website></website>
    <email>Zwergkaninchen978@gmail.com</email>
  </extension>
</addon>
